indicator,country,countryiso3code,date,value,unit,obs_status,decimal,indicator_name
"{'id': 'LP.LPI.OVRL.XQ', 'value': 'Logistics performance index: Overall (1=low to 5=high)'}","{'id': 'EG', 'value': 'Egypt, Arab Rep.'}",EGY,2025,,,,2,logistics_performance
"{'id': 'LP.LPI.OVRL.XQ', 'value': 'Logistics performance index: Overall (1=low to 5=high)'}","{'id': 'EG', 'value': 'Egypt, Arab Rep.'}",EGY,2024,,,,2,logistics_performance
"{'id': 'LP.LPI.OVRL.XQ', 'value': 'Logistics performance index: Overall (1=low to 5=high)'}","{'id': 'EG', 'value': 'Egypt, Arab Rep.'}",EGY,2023,,,,2,logistics_performance
"{'id': 'LP.LPI.OVRL.XQ', 'value': 'Logistics performance index: Overall (1=low to 5=high)'}","{'id': 'EG', 'value': 'Egypt, Arab Rep.'}",EGY,2022,3.1,,,2,logistics_performance
"{'id': 'LP.LPI.OVRL.XQ', 'value': 'Logistics performance index: Overall (1=low to 5=high)'}","{'id': 'EG', 'value': 'Egypt, Arab Rep.'}",EGY,2021,,,,2,logistics_performance
"{'id': 'LP.LPI.OVRL.XQ', 'value': 'Logistics performance index: Overall (1=low to 5=high)'}","{'id': 'EG', 'value': 'Egypt, Arab Rep.'}",EGY,2020,,,,2,logistics_performance
"{'id': 'LP.LPI.OVRL.XQ', 'value': 'Logistics performance index: Overall (1=low to 5=high)'}","{'id': 'EG', 'value': 'Egypt, Arab Rep.'}",EGY,2019,,,,2,logistics_performance
"{'id': 'LP.LPI.OVRL.XQ', 'value': 'Logistics performance index: Overall (1=low to 5=high)'}","{'id': 'EG', 'value': 'Egypt, Arab Rep.'}",EGY,2018,2.82,,,2,logistics_performance
"{'id': 'LP.LPI.OVRL.XQ', 'value': 'Logistics performance index: Overall (1=low to 5=high)'}","{'id': 'EG', 'value': 'Egypt, Arab Rep.'}",EGY,2017,,,,2,logistics_performance
"{'id': 'LP.LPI.OVRL.XQ', 'value': 'Logistics performance index: Overall (1=low to 5=high)'}","{'id': 'EG', 'value': 'Egypt, Arab Rep.'}",EGY,2016,3.184964,,,2,logistics_performance
"{'id': 'LP.LPI.OVRL.XQ', 'value': 'Logistics performance index: Overall (1=low to 5=high)'}","{'id': 'EG', 'value': 'Egypt, Arab Rep.'}",EGY,2015,,,,2,logistics_performance
"{'id': 'LP.LPI.OVRL.XQ', 'value': 'Logistics performance index: Overall (1=low to 5=high)'}","{'id': 'EG', 'value': 'Egypt, Arab Rep.'}",EGY,2014,2.965911,,,2,logistics_performance
"{'id': 'LP.LPI.OVRL.XQ', 'value': 'Logistics performance index: Overall (1=low to 5=high)'}","{'id': 'EG', 'value': 'Egypt, Arab Rep.'}",EGY,2013,,,,2,logistics_performance
"{'id': 'LP.LPI.OVRL.XQ', 'value': 'Logistics performance index: Overall (1=low to 5=high)'}","{'id': 'EG', 'value': 'Egypt, Arab Rep.'}",EGY,2012,2.98,,,2,logistics_performance
"{'id': 'LP.LPI.OVRL.XQ', 'value': 'Logistics performance index: Overall (1=low to 5=high)'}","{'id': 'EG', 'value': 'Egypt, Arab Rep.'}",EGY,2011,,,,2,logistics_performance
"{'id': 'LP.LPI.OVRL.XQ', 'value': 'Logistics performance index: Overall (1=low to 5=high)'}","{'id': 'EG', 'value': 'Egypt, Arab Rep.'}",EGY,2010,2.61,,,2,logistics_performance
"{'id': 'LP.LPI.OVRL.XQ', 'value': 'Logistics performance index: Overall (1=low to 5=high)'}","{'id': 'EG', 'value': 'Egypt, Arab Rep.'}",EGY,2009,,,,2,logistics_performance
"{'id': 'LP.LPI.OVRL.XQ', 'value': 'Logistics performance index: Overall (1=low to 5=high)'}","{'id': 'EG', 'value': 'Egypt, Arab Rep.'}",EGY,2008,,,,2,logistics_performance
"{'id': 'LP.LPI.OVRL.XQ', 'value': 'Logistics performance index: Overall (1=low to 5=high)'}","{'id': 'EG', 'value': 'Egypt, Arab Rep.'}",EGY,2007,2.37,,,2,logistics_performance
"{'id': 'LP.LPI.OVRL.XQ', 'value': 'Logistics performance index: Overall (1=low to 5=high)'}","{'id': 'EG', 'value': 'Egypt, Arab Rep.'}",EGY,2006,,,,2,logistics_performance
"{'id': 'LP.LPI.OVRL.XQ', 'value': 'Logistics performance index: Overall (1=low to 5=high)'}","{'id': 'EG', 'value': 'Egypt, Arab Rep.'}",EGY,2005,,,,2,logistics_performance
"{'id': 'LP.LPI.OVRL.XQ', 'value': 'Logistics performance index: Overall (1=low to 5=high)'}","{'id': 'EG', 'value': 'Egypt, Arab Rep.'}",EGY,2004,,,,2,logistics_performance
"{'id': 'LP.LPI.OVRL.XQ', 'value': 'Logistics performance index: Overall (1=low to 5=high)'}","{'id': 'EG', 'value': 'Egypt, Arab Rep.'}",EGY,2003,,,,2,logistics_performance
"{'id': 'LP.LPI.OVRL.XQ', 'value': 'Logistics performance index: Overall (1=low to 5=high)'}","{'id': 'EG', 'value': 'Egypt, Arab Rep.'}",EGY,2002,,,,2,logistics_performance
"{'id': 'LP.LPI.OVRL.XQ', 'value': 'Logistics performance index: Overall (1=low to 5=high)'}","{'id': 'EG', 'value': 'Egypt, Arab Rep.'}",EGY,2001,,,,2,logistics_performance
"{'id': 'LP.LPI.OVRL.XQ', 'value': 'Logistics performance index: Overall (1=low to 5=high)'}","{'id': 'EG', 'value': 'Egypt, Arab Rep.'}",EGY,2000,,,,2,logistics_performance
"{'id': 'LP.LPI.OVRL.XQ', 'value': 'Logistics performance index: Overall (1=low to 5=high)'}","{'id': 'EG', 'value': 'Egypt, Arab Rep.'}",EGY,1999,,,,2,logistics_performance
"{'id': 'LP.LPI.OVRL.XQ', 'value': 'Logistics performance index: Overall (1=low to 5=high)'}","{'id': 'EG', 'value': 'Egypt, Arab Rep.'}",EGY,1998,,,,2,logistics_performance
"{'id': 'LP.LPI.OVRL.XQ', 'value': 'Logistics performance index: Overall (1=low to 5=high)'}","{'id': 'EG', 'value': 'Egypt, Arab Rep.'}",EGY,1997,,,,2,logistics_performance
"{'id': 'LP.LPI.OVRL.XQ', 'value': 'Logistics performance index: Overall (1=low to 5=high)'}","{'id': 'EG', 'value': 'Egypt, Arab Rep.'}",EGY,1996,,,,2,logistics_performance
"{'id': 'LP.LPI.OVRL.XQ', 'value': 'Logistics performance index: Overall (1=low to 5=high)'}","{'id': 'EG', 'value': 'Egypt, Arab Rep.'}",EGY,1995,,,,2,logistics_performance
"{'id': 'LP.LPI.OVRL.XQ', 'value': 'Logistics performance index: Overall (1=low to 5=high)'}","{'id': 'EG', 'value': 'Egypt, Arab Rep.'}",EGY,1994,,,,2,logistics_performance
"{'id': 'LP.LPI.OVRL.XQ', 'value': 'Logistics performance index: Overall (1=low to 5=high)'}","{'id': 'EG', 'value': 'Egypt, Arab Rep.'}",EGY,1993,,,,2,logistics_performance
"{'id': 'LP.LPI.OVRL.XQ', 'value': 'Logistics performance index: Overall (1=low to 5=high)'}","{'id': 'EG', 'value': 'Egypt, Arab Rep.'}",EGY,1992,,,,2,logistics_performance
"{'id': 'LP.LPI.OVRL.XQ', 'value': 'Logistics performance index: Overall (1=low to 5=high)'}","{'id': 'EG', 'value': 'Egypt, Arab Rep.'}",EGY,1991,,,,2,logistics_performance
"{'id': 'LP.LPI.OVRL.XQ', 'value': 'Logistics performance index: Overall (1=low to 5=high)'}","{'id': 'EG', 'value': 'Egypt, Arab Rep.'}",EGY,1990,,,,2,logistics_performance
"{'id': 'LP.LPI.OVRL.XQ', 'value': 'Logistics performance index: Overall (1=low to 5=high)'}","{'id': 'EG', 'value': 'Egypt, Arab Rep.'}",EGY,1989,,,,2,logistics_performance
"{'id': 'LP.LPI.OVRL.XQ', 'value': 'Logistics performance index: Overall (1=low to 5=high)'}","{'id': 'EG', 'value': 'Egypt, Arab Rep.'}",EGY,1988,,,,2,logistics_performance
"{'id': 'LP.LPI.OVRL.XQ', 'value': 'Logistics performance index: Overall (1=low to 5=high)'}","{'id': 'EG', 'value': 'Egypt, Arab Rep.'}",EGY,1987,,,,2,logistics_performance
"{'id': 'LP.LPI.OVRL.XQ', 'value': 'Logistics performance index: Overall (1=low to 5=high)'}","{'id': 'EG', 'value': 'Egypt, Arab Rep.'}",EGY,1986,,,,2,logistics_performance
"{'id': 'LP.LPI.OVRL.XQ', 'value': 'Logistics performance index: Overall (1=low to 5=high)'}","{'id': 'EG', 'value': 'Egypt, Arab Rep.'}",EGY,1985,,,,2,logistics_performance
"{'id': 'LP.LPI.OVRL.XQ', 'value': 'Logistics performance index: Overall (1=low to 5=high)'}","{'id': 'EG', 'value': 'Egypt, Arab Rep.'}",EGY,1984,,,,2,logistics_performance
"{'id': 'LP.LPI.OVRL.XQ', 'value': 'Logistics performance index: Overall (1=low to 5=high)'}","{'id': 'EG', 'value': 'Egypt, Arab Rep.'}",EGY,1983,,,,2,logistics_performance
"{'id': 'LP.LPI.OVRL.XQ', 'value': 'Logistics performance index: Overall (1=low to 5=high)'}","{'id': 'EG', 'value': 'Egypt, Arab Rep.'}",EGY,1982,,,,2,logistics_performance
"{'id': 'LP.LPI.OVRL.XQ', 'value': 'Logistics performance index: Overall (1=low to 5=high)'}","{'id': 'EG', 'value': 'Egypt, Arab Rep.'}",EGY,1981,,,,2,logistics_performance
"{'id': 'LP.LPI.OVRL.XQ', 'value': 'Logistics performance index: Overall (1=low to 5=high)'}","{'id': 'EG', 'value': 'Egypt, Arab Rep.'}",EGY,1980,,,,2,logistics_performance
"{'id': 'LP.LPI.OVRL.XQ', 'value': 'Logistics performance index: Overall (1=low to 5=high)'}","{'id': 'EG', 'value': 'Egypt, Arab Rep.'}",EGY,1979,,,,2,logistics_performance
"{'id': 'LP.LPI.OVRL.XQ', 'value': 'Logistics performance index: Overall (1=low to 5=high)'}","{'id': 'EG', 'value': 'Egypt, Arab Rep.'}",EGY,1978,,,,2,logistics_performance
"{'id': 'LP.LPI.OVRL.XQ', 'value': 'Logistics performance index: Overall (1=low to 5=high)'}","{'id': 'EG', 'value': 'Egypt, Arab Rep.'}",EGY,1977,,,,2,logistics_performance
"{'id': 'LP.LPI.OVRL.XQ', 'value': 'Logistics performance index: Overall (1=low to 5=high)'}","{'id': 'EG', 'value': 'Egypt, Arab Rep.'}",EGY,1976,,,,2,logistics_performance
"{'id': 'LP.LPI.OVRL.XQ', 'value': 'Logistics performance index: Overall (1=low to 5=high)'}","{'id': 'EG', 'value': 'Egypt, Arab Rep.'}",EGY,2025,,,,2,gdp
"{'id': 'LP.LPI.OVRL.XQ', 'value': 'Logistics performance index: Overall (1=low to 5=high)'}","{'id': 'EG', 'value': 'Egypt, Arab Rep.'}",EGY,2024,,,,2,gdp
"{'id': 'LP.LPI.OVRL.XQ', 'value': 'Logistics performance index: Overall (1=low to 5=high)'}","{'id': 'EG', 'value': 'Egypt, Arab Rep.'}",EGY,2023,,,,2,gdp
"{'id': 'LP.LPI.OVRL.XQ', 'value': 'Logistics performance index: Overall (1=low to 5=high)'}","{'id': 'EG', 'value': 'Egypt, Arab Rep.'}",EGY,2022,3.1,,,2,gdp
"{'id': 'LP.LPI.OVRL.XQ', 'value': 'Logistics performance index: Overall (1=low to 5=high)'}","{'id': 'EG', 'value': 'Egypt, Arab Rep.'}",EGY,2021,,,,2,gdp
"{'id': 'LP.LPI.OVRL.XQ', 'value': 'Logistics performance index: Overall (1=low to 5=high)'}","{'id': 'EG', 'value': 'Egypt, Arab Rep.'}",EGY,2020,,,,2,gdp
"{'id': 'LP.LPI.OVRL.XQ', 'value': 'Logistics performance index: Overall (1=low to 5=high)'}","{'id': 'EG', 'value': 'Egypt, Arab Rep.'}",EGY,2019,,,,2,gdp
"{'id': 'LP.LPI.OVRL.XQ', 'value': 'Logistics performance index: Overall (1=low to 5=high)'}","{'id': 'EG', 'value': 'Egypt, Arab Rep.'}",EGY,2018,2.82,,,2,gdp
"{'id': 'LP.LPI.OVRL.XQ', 'value': 'Logistics performance index: Overall (1=low to 5=high)'}","{'id': 'EG', 'value': 'Egypt, Arab Rep.'}",EGY,2017,,,,2,gdp
"{'id': 'LP.LPI.OVRL.XQ', 'value': 'Logistics performance index: Overall (1=low to 5=high)'}","{'id': 'EG', 'value': 'Egypt, Arab Rep.'}",EGY,2016,3.184964,,,2,gdp
"{'id': 'LP.LPI.OVRL.XQ', 'value': 'Logistics performance index: Overall (1=low to 5=high)'}","{'id': 'EG', 'value': 'Egypt, Arab Rep.'}",EGY,2015,,,,2,gdp
"{'id': 'LP.LPI.OVRL.XQ', 'value': 'Logistics performance index: Overall (1=low to 5=high)'}","{'id': 'EG', 'value': 'Egypt, Arab Rep.'}",EGY,2014,2.965911,,,2,gdp
"{'id': 'LP.LPI.OVRL.XQ', 'value': 'Logistics performance index: Overall (1=low to 5=high)'}","{'id': 'EG', 'value': 'Egypt, Arab Rep.'}",EGY,2013,,,,2,gdp
"{'id': 'LP.LPI.OVRL.XQ', 'value': 'Logistics performance index: Overall (1=low to 5=high)'}","{'id': 'EG', 'value': 'Egypt, Arab Rep.'}",EGY,2012,2.98,,,2,gdp
"{'id': 'LP.LPI.OVRL.XQ', 'value': 'Logistics performance index: Overall (1=low to 5=high)'}","{'id': 'EG', 'value': 'Egypt, Arab Rep.'}",EGY,2011,,,,2,gdp
"{'id': 'LP.LPI.OVRL.XQ', 'value': 'Logistics performance index: Overall (1=low to 5=high)'}","{'id': 'EG', 'value': 'Egypt, Arab Rep.'}",EGY,2010,2.61,,,2,gdp
"{'id': 'LP.LPI.OVRL.XQ', 'value': 'Logistics performance index: Overall (1=low to 5=high)'}","{'id': 'EG', 'value': 'Egypt, Arab Rep.'}",EGY,2009,,,,2,gdp
"{'id': 'LP.LPI.OVRL.XQ', 'value': 'Logistics performance index: Overall (1=low to 5=high)'}","{'id': 'EG', 'value': 'Egypt, Arab Rep.'}",EGY,2008,,,,2,gdp
"{'id': 'LP.LPI.OVRL.XQ', 'value': 'Logistics performance index: Overall (1=low to 5=high)'}","{'id': 'EG', 'value': 'Egypt, Arab Rep.'}",EGY,2007,2.37,,,2,gdp
"{'id': 'LP.LPI.OVRL.XQ', 'value': 'Logistics performance index: Overall (1=low to 5=high)'}","{'id': 'EG', 'value': 'Egypt, Arab Rep.'}",EGY,2006,,,,2,gdp
"{'id': 'LP.LPI.OVRL.XQ', 'value': 'Logistics performance index: Overall (1=low to 5=high)'}","{'id': 'EG', 'value': 'Egypt, Arab Rep.'}",EGY,2005,,,,2,gdp
"{'id': 'LP.LPI.OVRL.XQ', 'value': 'Logistics performance index: Overall (1=low to 5=high)'}","{'id': 'EG', 'value': 'Egypt, Arab Rep.'}",EGY,2004,,,,2,gdp
"{'id': 'LP.LPI.OVRL.XQ', 'value': 'Logistics performance index: Overall (1=low to 5=high)'}","{'id': 'EG', 'value': 'Egypt, Arab Rep.'}",EGY,2003,,,,2,gdp
"{'id': 'LP.LPI.OVRL.XQ', 'value': 'Logistics performance index: Overall (1=low to 5=high)'}","{'id': 'EG', 'value': 'Egypt, Arab Rep.'}",EGY,2002,,,,2,gdp
"{'id': 'LP.LPI.OVRL.XQ', 'value': 'Logistics performance index: Overall (1=low to 5=high)'}","{'id': 'EG', 'value': 'Egypt, Arab Rep.'}",EGY,2001,,,,2,gdp
"{'id': 'LP.LPI.OVRL.XQ', 'value': 'Logistics performance index: Overall (1=low to 5=high)'}","{'id': 'EG', 'value': 'Egypt, Arab Rep.'}",EGY,2000,,,,2,gdp
"{'id': 'LP.LPI.OVRL.XQ', 'value': 'Logistics performance index: Overall (1=low to 5=high)'}","{'id': 'EG', 'value': 'Egypt, Arab Rep.'}",EGY,1999,,,,2,gdp
"{'id': 'LP.LPI.OVRL.XQ', 'value': 'Logistics performance index: Overall (1=low to 5=high)'}","{'id': 'EG', 'value': 'Egypt, Arab Rep.'}",EGY,1998,,,,2,gdp
"{'id': 'LP.LPI.OVRL.XQ', 'value': 'Logistics performance index: Overall (1=low to 5=high)'}","{'id': 'EG', 'value': 'Egypt, Arab Rep.'}",EGY,1997,,,,2,gdp
"{'id': 'LP.LPI.OVRL.XQ', 'value': 'Logistics performance index: Overall (1=low to 5=high)'}","{'id': 'EG', 'value': 'Egypt, Arab Rep.'}",EGY,1996,,,,2,gdp
"{'id': 'LP.LPI.OVRL.XQ', 'value': 'Logistics performance index: Overall (1=low to 5=high)'}","{'id': 'EG', 'value': 'Egypt, Arab Rep.'}",EGY,1995,,,,2,gdp
"{'id': 'LP.LPI.OVRL.XQ', 'value': 'Logistics performance index: Overall (1=low to 5=high)'}","{'id': 'EG', 'value': 'Egypt, Arab Rep.'}",EGY,1994,,,,2,gdp
"{'id': 'LP.LPI.OVRL.XQ', 'value': 'Logistics performance index: Overall (1=low to 5=high)'}","{'id': 'EG', 'value': 'Egypt, Arab Rep.'}",EGY,1993,,,,2,gdp
"{'id': 'LP.LPI.OVRL.XQ', 'value': 'Logistics performance index: Overall (1=low to 5=high)'}","{'id': 'EG', 'value': 'Egypt, Arab Rep.'}",EGY,1992,,,,2,gdp
"{'id': 'LP.LPI.OVRL.XQ', 'value': 'Logistics performance index: Overall (1=low to 5=high)'}","{'id': 'EG', 'value': 'Egypt, Arab Rep.'}",EGY,1991,,,,2,gdp
"{'id': 'LP.LPI.OVRL.XQ', 'value': 'Logistics performance index: Overall (1=low to 5=high)'}","{'id': 'EG', 'value': 'Egypt, Arab Rep.'}",EGY,1990,,,,2,gdp
"{'id': 'LP.LPI.OVRL.XQ', 'value': 'Logistics performance index: Overall (1=low to 5=high)'}","{'id': 'EG', 'value': 'Egypt, Arab Rep.'}",EGY,1989,,,,2,gdp
"{'id': 'LP.LPI.OVRL.XQ', 'value': 'Logistics performance index: Overall (1=low to 5=high)'}","{'id': 'EG', 'value': 'Egypt, Arab Rep.'}",EGY,1988,,,,2,gdp
"{'id': 'LP.LPI.OVRL.XQ', 'value': 'Logistics performance index: Overall (1=low to 5=high)'}","{'id': 'EG', 'value': 'Egypt, Arab Rep.'}",EGY,1987,,,,2,gdp
"{'id': 'LP.LPI.OVRL.XQ', 'value': 'Logistics performance index: Overall (1=low to 5=high)'}","{'id': 'EG', 'value': 'Egypt, Arab Rep.'}",EGY,1986,,,,2,gdp
"{'id': 'LP.LPI.OVRL.XQ', 'value': 'Logistics performance index: Overall (1=low to 5=high)'}","{'id': 'EG', 'value': 'Egypt, Arab Rep.'}",EGY,1985,,,,2,gdp
"{'id': 'LP.LPI.OVRL.XQ', 'value': 'Logistics performance index: Overall (1=low to 5=high)'}","{'id': 'EG', 'value': 'Egypt, Arab Rep.'}",EGY,1984,,,,2,gdp
"{'id': 'LP.LPI.OVRL.XQ', 'value': 'Logistics performance index: Overall (1=low to 5=high)'}","{'id': 'EG', 'value': 'Egypt, Arab Rep.'}",EGY,1983,,,,2,gdp
"{'id': 'LP.LPI.OVRL.XQ', 'value': 'Logistics performance index: Overall (1=low to 5=high)'}","{'id': 'EG', 'value': 'Egypt, Arab Rep.'}",EGY,1982,,,,2,gdp
"{'id': 'LP.LPI.OVRL.XQ', 'value': 'Logistics performance index: Overall (1=low to 5=high)'}","{'id': 'EG', 'value': 'Egypt, Arab Rep.'}",EGY,1981,,,,2,gdp
"{'id': 'LP.LPI.OVRL.XQ', 'value': 'Logistics performance index: Overall (1=low to 5=high)'}","{'id': 'EG', 'value': 'Egypt, Arab Rep.'}",EGY,1980,,,,2,gdp
"{'id': 'LP.LPI.OVRL.XQ', 'value': 'Logistics performance index: Overall (1=low to 5=high)'}","{'id': 'EG', 'value': 'Egypt, Arab Rep.'}",EGY,1979,,,,2,gdp
"{'id': 'LP.LPI.OVRL.XQ', 'value': 'Logistics performance index: Overall (1=low to 5=high)'}","{'id': 'EG', 'value': 'Egypt, Arab Rep.'}",EGY,1978,,,,2,gdp
"{'id': 'LP.LPI.OVRL.XQ', 'value': 'Logistics performance index: Overall (1=low to 5=high)'}","{'id': 'EG', 'value': 'Egypt, Arab Rep.'}",EGY,1977,,,,2,gdp
"{'id': 'LP.LPI.OVRL.XQ', 'value': 'Logistics performance index: Overall (1=low to 5=high)'}","{'id': 'EG', 'value': 'Egypt, Arab Rep.'}",EGY,1976,,,,2,gdp
"{'id': 'LP.LPI.OVRL.XQ', 'value': 'Logistics performance index: Overall (1=low to 5=high)'}","{'id': 'EG', 'value': 'Egypt, Arab Rep.'}",EGY,2025,,,,2,trade_pct_gdp
"{'id': 'LP.LPI.OVRL.XQ', 'value': 'Logistics performance index: Overall (1=low to 5=high)'}","{'id': 'EG', 'value': 'Egypt, Arab Rep.'}",EGY,2024,,,,2,trade_pct_gdp
"{'id': 'LP.LPI.OVRL.XQ', 'value': 'Logistics performance index: Overall (1=low to 5=high)'}","{'id': 'EG', 'value': 'Egypt, Arab Rep.'}",EGY,2023,,,,2,trade_pct_gdp
"{'id': 'LP.LPI.OVRL.XQ', 'value': 'Logistics performance index: Overall (1=low to 5=high)'}","{'id': 'EG', 'value': 'Egypt, Arab Rep.'}",EGY,2022,3.1,,,2,trade_pct_gdp
"{'id': 'LP.LPI.OVRL.XQ', 'value': 'Logistics performance index: Overall (1=low to 5=high)'}","{'id': 'EG', 'value': 'Egypt, Arab Rep.'}",EGY,2021,,,,2,trade_pct_gdp
"{'id': 'LP.LPI.OVRL.XQ', 'value': 'Logistics performance index: Overall (1=low to 5=high)'}","{'id': 'EG', 'value': 'Egypt, Arab Rep.'}",EGY,2020,,,,2,trade_pct_gdp
"{'id': 'LP.LPI.OVRL.XQ', 'value': 'Logistics performance index: Overall (1=low to 5=high)'}","{'id': 'EG', 'value': 'Egypt, Arab Rep.'}",EGY,2019,,,,2,trade_pct_gdp
"{'id': 'LP.LPI.OVRL.XQ', 'value': 'Logistics performance index: Overall (1=low to 5=high)'}","{'id': 'EG', 'value': 'Egypt, Arab Rep.'}",EGY,2018,2.82,,,2,trade_pct_gdp
"{'id': 'LP.LPI.OVRL.XQ', 'value': 'Logistics performance index: Overall (1=low to 5=high)'}","{'id': 'EG', 'value': 'Egypt, Arab Rep.'}",EGY,2017,,,,2,trade_pct_gdp
"{'id': 'LP.LPI.OVRL.XQ', 'value': 'Logistics performance index: Overall (1=low to 5=high)'}","{'id': 'EG', 'value': 'Egypt, Arab Rep.'}",EGY,2016,3.184964,,,2,trade_pct_gdp
"{'id': 'LP.LPI.OVRL.XQ', 'value': 'Logistics performance index: Overall (1=low to 5=high)'}","{'id': 'EG', 'value': 'Egypt, Arab Rep.'}",EGY,2015,,,,2,trade_pct_gdp
"{'id': 'LP.LPI.OVRL.XQ', 'value': 'Logistics performance index: Overall (1=low to 5=high)'}","{'id': 'EG', 'value': 'Egypt, Arab Rep.'}",EGY,2014,2.965911,,,2,trade_pct_gdp
"{'id': 'LP.LPI.OVRL.XQ', 'value': 'Logistics performance index: Overall (1=low to 5=high)'}","{'id': 'EG', 'value': 'Egypt, Arab Rep.'}",EGY,2013,,,,2,trade_pct_gdp
"{'id': 'LP.LPI.OVRL.XQ', 'value': 'Logistics performance index: Overall (1=low to 5=high)'}","{'id': 'EG', 'value': 'Egypt, Arab Rep.'}",EGY,2012,2.98,,,2,trade_pct_gdp
"{'id': 'LP.LPI.OVRL.XQ', 'value': 'Logistics performance index: Overall (1=low to 5=high)'}","{'id': 'EG', 'value': 'Egypt, Arab Rep.'}",EGY,2011,,,,2,trade_pct_gdp
"{'id': 'LP.LPI.OVRL.XQ', 'value': 'Logistics performance index: Overall (1=low to 5=high)'}","{'id': 'EG', 'value': 'Egypt, Arab Rep.'}",EGY,2010,2.61,,,2,trade_pct_gdp
"{'id': 'LP.LPI.OVRL.XQ', 'value': 'Logistics performance index: Overall (1=low to 5=high)'}","{'id': 'EG', 'value': 'Egypt, Arab Rep.'}",EGY,2009,,,,2,trade_pct_gdp
"{'id': 'LP.LPI.OVRL.XQ', 'value': 'Logistics performance index: Overall (1=low to 5=high)'}","{'id': 'EG', 'value': 'Egypt, Arab Rep.'}",EGY,2008,,,,2,trade_pct_gdp
"{'id': 'LP.LPI.OVRL.XQ', 'value': 'Logistics performance index: Overall (1=low to 5=high)'}","{'id': 'EG', 'value': 'Egypt, Arab Rep.'}",EGY,2007,2.37,,,2,trade_pct_gdp
"{'id': 'LP.LPI.OVRL.XQ', 'value': 'Logistics performance index: Overall (1=low to 5=high)'}","{'id': 'EG', 'value': 'Egypt, Arab Rep.'}",EGY,2006,,,,2,trade_pct_gdp
"{'id': 'LP.LPI.OVRL.XQ', 'value': 'Logistics performance index: Overall (1=low to 5=high)'}","{'id': 'EG', 'value': 'Egypt, Arab Rep.'}",EGY,2005,,,,2,trade_pct_gdp
"{'id': 'LP.LPI.OVRL.XQ', 'value': 'Logistics performance index: Overall (1=low to 5=high)'}","{'id': 'EG', 'value': 'Egypt, Arab Rep.'}",EGY,2004,,,,2,trade_pct_gdp
"{'id': 'LP.LPI.OVRL.XQ', 'value': 'Logistics performance index: Overall (1=low to 5=high)'}","{'id': 'EG', 'value': 'Egypt, Arab Rep.'}",EGY,2003,,,,2,trade_pct_gdp
"{'id': 'LP.LPI.OVRL.XQ', 'value': 'Logistics performance index: Overall (1=low to 5=high)'}","{'id': 'EG', 'value': 'Egypt, Arab Rep.'}",EGY,2002,,,,2,trade_pct_gdp
"{'id': 'LP.LPI.OVRL.XQ', 'value': 'Logistics performance index: Overall (1=low to 5=high)'}","{'id': 'EG', 'value': 'Egypt, Arab Rep.'}",EGY,2001,,,,2,trade_pct_gdp
"{'id': 'LP.LPI.OVRL.XQ', 'value': 'Logistics performance index: Overall (1=low to 5=high)'}","{'id': 'EG', 'value': 'Egypt, Arab Rep.'}",EGY,2000,,,,2,trade_pct_gdp
"{'id': 'LP.LPI.OVRL.XQ', 'value': 'Logistics performance index: Overall (1=low to 5=high)'}","{'id': 'EG', 'value': 'Egypt, Arab Rep.'}",EGY,1999,,,,2,trade_pct_gdp
"{'id': 'LP.LPI.OVRL.XQ', 'value': 'Logistics performance index: Overall (1=low to 5=high)'}","{'id': 'EG', 'value': 'Egypt, Arab Rep.'}",EGY,1998,,,,2,trade_pct_gdp
"{'id': 'LP.LPI.OVRL.XQ', 'value': 'Logistics performance index: Overall (1=low to 5=high)'}","{'id': 'EG', 'value': 'Egypt, Arab Rep.'}",EGY,1997,,,,2,trade_pct_gdp
"{'id': 'LP.LPI.OVRL.XQ', 'value': 'Logistics performance index: Overall (1=low to 5=high)'}","{'id': 'EG', 'value': 'Egypt, Arab Rep.'}",EGY,1996,,,,2,trade_pct_gdp
"{'id': 'LP.LPI.OVRL.XQ', 'value': 'Logistics performance index: Overall (1=low to 5=high)'}","{'id': 'EG', 'value': 'Egypt, Arab Rep.'}",EGY,1995,,,,2,trade_pct_gdp
"{'id': 'LP.LPI.OVRL.XQ', 'value': 'Logistics performance index: Overall (1=low to 5=high)'}","{'id': 'EG', 'value': 'Egypt, Arab Rep.'}",EGY,1994,,,,2,trade_pct_gdp
"{'id': 'LP.LPI.OVRL.XQ', 'value': 'Logistics performance index: Overall (1=low to 5=high)'}","{'id': 'EG', 'value': 'Egypt, Arab Rep.'}",EGY,1993,,,,2,trade_pct_gdp
"{'id': 'LP.LPI.OVRL.XQ', 'value': 'Logistics performance index: Overall (1=low to 5=high)'}","{'id': 'EG', 'value': 'Egypt, Arab Rep.'}",EGY,1992,,,,2,trade_pct_gdp
"{'id': 'LP.LPI.OVRL.XQ', 'value': 'Logistics performance index: Overall (1=low to 5=high)'}","{'id': 'EG', 'value': 'Egypt, Arab Rep.'}",EGY,1991,,,,2,trade_pct_gdp
"{'id': 'LP.LPI.OVRL.XQ', 'value': 'Logistics performance index: Overall (1=low to 5=high)'}","{'id': 'EG', 'value': 'Egypt, Arab Rep.'}",EGY,1990,,,,2,trade_pct_gdp
"{'id': 'LP.LPI.OVRL.XQ', 'value': 'Logistics performance index: Overall (1=low to 5=high)'}","{'id': 'EG', 'value': 'Egypt, Arab Rep.'}",EGY,1989,,,,2,trade_pct_gdp
"{'id': 'LP.LPI.OVRL.XQ', 'value': 'Logistics performance index: Overall (1=low to 5=high)'}","{'id': 'EG', 'value': 'Egypt, Arab Rep.'}",EGY,1988,,,,2,trade_pct_gdp
"{'id': 'LP.LPI.OVRL.XQ', 'value': 'Logistics performance index: Overall (1=low to 5=high)'}","{'id': 'EG', 'value': 'Egypt, Arab Rep.'}",EGY,1987,,,,2,trade_pct_gdp
"{'id': 'LP.LPI.OVRL.XQ', 'value': 'Logistics performance index: Overall (1=low to 5=high)'}","{'id': 'EG', 'value': 'Egypt, Arab Rep.'}",EGY,1986,,,,2,trade_pct_gdp
"{'id': 'LP.LPI.OVRL.XQ', 'value': 'Logistics performance index: Overall (1=low to 5=high)'}","{'id': 'EG', 'value': 'Egypt, Arab Rep.'}",EGY,1985,,,,2,trade_pct_gdp
"{'id': 'LP.LPI.OVRL.XQ', 'value': 'Logistics performance index: Overall (1=low to 5=high)'}","{'id': 'EG', 'value': 'Egypt, Arab Rep.'}",EGY,1984,,,,2,trade_pct_gdp
"{'id': 'LP.LPI.OVRL.XQ', 'value': 'Logistics performance index: Overall (1=low to 5=high)'}","{'id': 'EG', 'value': 'Egypt, Arab Rep.'}",EGY,1983,,,,2,trade_pct_gdp
"{'id': 'LP.LPI.OVRL.XQ', 'value': 'Logistics performance index: Overall (1=low to 5=high)'}","{'id': 'EG', 'value': 'Egypt, Arab Rep.'}",EGY,1982,,,,2,trade_pct_gdp
"{'id': 'LP.LPI.OVRL.XQ', 'value': 'Logistics performance index: Overall (1=low to 5=high)'}","{'id': 'EG', 'value': 'Egypt, Arab Rep.'}",EGY,1981,,,,2,trade_pct_gdp
"{'id': 'LP.LPI.OVRL.XQ', 'value': 'Logistics performance index: Overall (1=low to 5=high)'}","{'id': 'EG', 'value': 'Egypt, Arab Rep.'}",EGY,1980,,,,2,trade_pct_gdp
"{'id': 'LP.LPI.OVRL.XQ', 'value': 'Logistics performance index: Overall (1=low to 5=high)'}","{'id': 'EG', 'value': 'Egypt, Arab Rep.'}",EGY,1979,,,,2,trade_pct_gdp
"{'id': 'LP.LPI.OVRL.XQ', 'value': 'Logistics performance index: Overall (1=low to 5=high)'}","{'id': 'EG', 'value': 'Egypt, Arab Rep.'}",EGY,1978,,,,2,trade_pct_gdp
"{'id': 'LP.LPI.OVRL.XQ', 'value': 'Logistics performance index: Overall (1=low to 5=high)'}","{'id': 'EG', 'value': 'Egypt, Arab Rep.'}",EGY,1977,,,,2,trade_pct_gdp
"{'id': 'LP.LPI.OVRL.XQ', 'value': 'Logistics performance index: Overall (1=low to 5=high)'}","{'id': 'EG', 'value': 'Egypt, Arab Rep.'}",EGY,1976,,,,2,trade_pct_gdp
